{
    "startTimestamp": 1760470898.7117581,
    "endTimestamp": 1760470936.7560692,
    "engineRunTime": 38.04431104660034,
    "projectionYear": 2026,
    "monteCarloSimulations": 251
}