{"ATOI": 2.872585288920515, "GP": 199.17932780470426, "Gper1kChunk": 3.8414989972708526, "A1per1kChunk": 3.378100689133824, "A2per1kChunk": 2.3342080792189357}