{
    "ATOI": {
        "Residual": 2.879729766044262, 
        "Actual": 15.198100054764234
        }, 
    "GP": {
        "Residual": 199.62363195303297, 
        "Actual": 218.24363459588957
        }, 
    "Gper1kChunk": {
        "Residual": 3.858787153240422, 
        "Actual": 11.904126795832862
        }, 
    "A1per1kChunk": {
        "Residual": 3.446584604361357, 
        "Actual": 7.313702040737905
        }, 
    "A2per1kChunk": {
        "Residual": 2.3586008995199115, 
        "Actual": 3.6518753946236187
        }
    }